[
  {
    "id": 2421,
    "content": "If not everyone makes money blogging, why is blogging so popular?",
    "created_at": "2018-05-10T18:08:13.644Z",
    "updated_at": "2018-05-10T18:08:13.644Z",
    "author": {
      "id": 1,
      "name": "Kurt Thompson",
      "avatar": "http://api.randomuser.me/portraits/thumb/men/69.jpg",
      "created_at": "2015-08-11T13:08:25.675Z",
      "updated_at": "2015-08-11T13:08:25.675Z"
    },
    "children": [
      {
        "id": 2422,
        "content": "A WordPress blog will stand out!",
        "created_at": "2018-05-10T18:08:13.650Z",
        "updated_at": "2018-05-10T18:08:13.650Z",
        "author": {
          "id": 3,
          "name": "Sarah Fleming",
          "avatar": "http://api.randomuser.me/portraits/thumb/women/80.jpg",
          "created_at": "2015-08-11T13:08:25.687Z",
          "updated_at": "2015-08-11T13:08:25.687Z"
        }
      },
      {
        "id": 2423,
        "content": "The possibilities of designing a site with WordPress are immense indeed.",
        "created_at": "2018-05-10T18:08:13.657Z",
        "updated_at": "2018-05-10T18:08:13.657Z",
        "author": {
          "id": 4,
          "name": "Purificacion Rojas",
          "avatar": "http://api.randomuser.me/portraits/thumb/women/2.jpg",
          "created_at": "2015-08-11T13:08:25.694Z",
          "updated_at": "2015-08-11T13:08:25.694Z"
        }
      },
      {
        "id": 2424,
        "content": "Anyone can blog but it takes a WordPress user to be awesome!",
        "created_at": "2018-05-10T18:08:13.664Z",
        "updated_at": "2018-05-10T18:08:13.664Z",
        "author": {
          "id": 5,
          "name": "Phillip Lynch",
          "avatar": "http://api.randomuser.me/portraits/thumb/men/68.jpg",
          "created_at": "2015-08-11T13:08:25.702Z",
          "updated_at": "2015-08-11T13:08:25.702Z"
        }
      }
    ]
  },
  {
    "id": 2419,
    "content": "Each day I love you more my blog Today more than yesterday and less than tomorrow",
    "created_at": "2018-05-10T18:08:13.631Z",
    "updated_at": "2018-05-10T18:08:13.631Z",
    "author": {
      "id": 1,
      "name": "Kurt Thompson",
      "avatar": "http://api.randomuser.me/portraits/thumb/men/69.jpg",
      "created_at": "2015-08-11T13:08:25.675Z",
      "updated_at": "2015-08-11T13:08:25.675Z"
    },
    "children": [
      {
        "id": 2420,
        "content": "I claim there ain’t another software for blogging As great as WordPress. :)",
        "created_at": "2018-05-10T18:08:13.637Z",
        "updated_at": "2018-05-10T18:08:13.637Z",
        "author": {
          "id": 5,
          "name": "Phillip Lynch",
          "avatar": "http://api.randomuser.me/portraits/thumb/men/68.jpg",
          "created_at": "2015-08-11T13:08:25.702Z",
          "updated_at": "2015-08-11T13:08:25.702Z"
        }
      }
    ]
  },
  {
    "id": 2418,
    "content": "WordPress is not responsible for people falling in love with blogging!",
    "created_at": "2018-05-10T18:08:13.624Z",
    "updated_at": "2018-05-10T18:08:13.624Z",
    "author": {
      "id": 4,
      "name": "Purificacion Rojas",
      "avatar": "http://api.randomuser.me/portraits/thumb/women/2.jpg",
      "created_at": "2015-08-11T13:08:25.694Z",
      "updated_at": "2015-08-11T13:08:25.694Z"
    },
    "children": []
  },
  {
    "id": 2417,
    "content": "It is hard to defeat WordPress as a blogging tool. :)",
    "created_at": "2018-05-10T18:08:13.617Z",
    "updated_at": "2018-05-10T18:08:13.617Z",
    "author": {
      "id": 5,
      "name": "Phillip Lynch",
      "avatar": "http://api.randomuser.me/portraits/thumb/men/68.jpg",
      "created_at": "2015-08-11T13:08:25.702Z",
      "updated_at": "2015-08-11T13:08:25.702Z"
    },
    "children": []
  }
]